{
  "input_size": 3,
  "output_size": 3,
  "hidden_size": 5,
  "weights": {
    "Wx": [
      [
        -0.09316470918316355,
        -0.28543758051840135,
        0.046328532448241685
      ],
      [
        0.11968968626960079,
        0.2688344466173521,
        -0.0695274045480313
      ],
      [
        -0.3151500899383243,
        -0.5246924816666929,
        -0.09017188012927661
      ],
      [
        0.2981866239990343,
        0.5017054808262261,
        0.08505523247743525
      ],
      [
        0.07408460851011155,
        0.1709323457638,
        -0.014105991500563431
      ]
    ],
    "Wh": [
      [
        0.005934032405824979,
        0.003907929922720151,
        0.1104126842450802,
        -0.13719837514065616,
        -0.0013260215532615012
      ],
      [
        -0.018099852847158617,
        -0.007996647771432367,
        -0.11987651144625147,
        0.1269639319915737,
        0.011631762094246035
      ],
      [
        -0.18829050632144254,
        0.19246402290588,
        0.07001710748281532,
        -0.0464120954320028,
        0.14696183824564737
      ],
      [
        0.23572675542705507,
        -0.21093924400829675,
        -0.03140061286843598,
        0.018244112164108737,
        -0.1836541310719647
      ],
      [
        -0.06225839728312416,
        0.042019730806554335,
        -0.10728688734505382,
        0.11981554940810928,
        0.04039589963911317
      ]
    ],
    "Wy": [
      [
        -0.3289856133627172,
        0.3264796356884868,
        -0.4772248573115542,
        0.4444477133344571,
        0.21743538649667832
      ],
      [
        -0.332223041000427,
        0.3250977569797697,
        -0.4657396907547616,
        0.4494380864556357,
        0.22807916450689666
      ],
      [
        -0.3279348941253785,
        0.3112049853128095,
        -0.4687232555571764,
        0.45981168843959025,
        0.22490294702913602
      ]
    ],
    "bh": [
      [
        0.14484480939554129
      ],
      [
        -0.14258102095710512
      ],
      [
        -0.0708809809500406
      ],
      [
        0.013122064521912495
      ],
      [
        -0.11907320792363842
      ]
    ],
    "by": [
      [
        -0.10011892052809605
      ],
      [
        -0.10175938476591523
      ],
      [
        -0.09736843931087351
      ]
    ]
  },
  "metadata": {
    "created_at": "2025-04-08 17:34:53",
    "created_by": "lachydauth"
  },
  "training": {
    "epochs": 100,
    "final_train_loss": 0.013459538131196849,
    "final_val_loss": 0.09596867561794996,
    "sequence_length": 5,
    "normalization_params": {
      "mean": [
        1837.6465,
        1836.351,
        1838.942
      ],
      "std": [
        16.41666189424635,
        16.434348146488805,
        16.408492800985687
      ]
    }
  }
}